t_value_col,p_value_col,r2_score,pearson_r2,rmse,mse,mae
pValue,pValue,0.1408441097684784,0.3187703001872615,1.0521036909860937,1.1069221765865616,0.8177568596960045
