t_value_col,p_value_col,r2_score,pearson_r2,rmse,mse,mae
pValue,pValue,-0.23399802724332686,0.2071008374087476,1.260897521210859,1.589862558995689,0.976878569826494
