t_value_col,p_value_col,r2_score,pearson_r2,rmse,mse,mae
pValue,pValue,0.19694561846122383,0.3078306795287699,1.017173497861094,1.0346419247509728,0.7914752865851743
