t_value_col,p_value_col,r2_score,pearson_r2,rmse,mse,mae
pValue,pValue,0.09490677024190253,0.2783082622397359,1.0798643811686268,1.1661070817167012,0.8284327175594898
