t_value_col,p_value_col,r2_score,pearson_r2,rmse,mse,mae
pValue,pValue,0.08961186200298099,0.2973284596602497,1.083018445610303,1.1729289535321565,0.8352313179381948
