t_value_col,p_value_col,r2_score,pearson_r2,rmse,mse,mae
pValue,pValue,-0.1871325003323474,0.20303254860151534,1.236722197042905,1.5294817926586302,0.9504971291921304
