t_value_col,p_value_col,r2_score,pearson_r2,rmse,mse,mae
pValue,pValue,0.034300718895742266,0.26178247764517376,1.1154330600609856,1.2441909114770144,0.8703424455273766
