t_value_col,p_value_col,r2_score,pearson_r2,rmse,mse,mae
pValue,pValue,0.11178484755045104,0.28654895623784676,1.069748403734615,1.144361647292757,0.8248076427675163
