t_value_col,p_value_col,r2_score,pearson_r2,rmse,mse,mae
pValue,pValue,0.15062617159493707,0.3246742323842567,1.0460970942651493,1.0943191306299889,0.8100681698116109
