t_value_col,p_value_col,r2_score,pearson_r2,rmse,mse,mae
pValue,pValue,0.1607284089743043,0.3061841769823623,1.0398574786045627,1.0813035758098386,0.7954132316307736
