stype,test_auc
both_path,0.916447820465951
descriptor_path,0.9064471342728858
fingerprint_path,0.9133341094211842
