stype,test_r2
both_path,0.5891361286719755
descriptor_path,0.5765741754104476
fingerprint_path,0.5845479530909745
